70116,Butt,James,Benton John B Jr,6649 N Blue Gum St,Orleans,New Orleans,LA
48116,Darakjy,Josephine,Chanay Jeffrey A Esq,4 B Blue Ridge Blvd,Livingston,Brighton,MI
8014,Venere,Art,Chemel James L Cpa,8 W Cerritos Ave #54,Gloucester,Bridgeport,NJ
99501,Giguere,Wilda,Mclaughlin Luther W Cpa,1747 Calle Amanecer #2,Anchorage,Anchorage,AK
45011,Foller,Donette,Printing Dimensions,34 Center St,Butler,Hamilton,OH
44805,Morasca,Simona,Chapman Ross E Esq,3 Mcauley Dr,Ashland,Ashland,OH
60632,Tollner,Mitsue,Morlong Associates,7 Eads St,Cook,Chicago,IL
95111,Inouye,Veronika,C 4 Network Inc,6 Greenleaf Ave,Santa Clara,San Jose,CA
57105,Wieser,Sage,Truhlar And Truhlar Attys,5 Boston Ave #88,Minnehaha,Sioux Falls,SD
21224,Marrier,Kris,King Christopher A Esq,228 Runamuck Pl #2808,Baltimore City,Baltimore,MD
19443,Amigon,Minna,Dorl James J Esq,2371 Jerrold Ave,Montgomery,Kulpsville,PA
11953,Maclead,Abel,Rangoni Of Florence,37275 St  Rt 17m M,Suffolk,Middle Island,NY
90034,Caldarera,Kiley,Feiner Bros,25 E 75th St #69,Angeles,Los Angeles Los,CA
44023,Ruta,Graciela,Buckley Miller & Wright,98 Connecticut Ave Nw,Geauga,Chagrin Falls,OH
78045,Albares,Cammy,Rousseaux Michael Esq,56 E Morehead St,Webb,Laredo,TX
85013,Poquette,Mattie,Century Communications,73 State Road 434 E,Maricopa,Phoenix,AZ
37110,Garufi,Meaghan,Bolton Wilbur Esq,69734 E Carrillo St Mc,Warren,Minnville,TN
53207,Rim T M,Gladys,Byxbee Company Pc,322 New Horizon Blvd,Milwaukee,Milwaukee,WI
48180,Whobrey,Yuki,Farmers Insurance Group,1 State Route 27,Wayne,Taylor,MI
61109,Flosi,Fletcher,Post Box Services Plus,394 Manchester Blvd,Winnebago,Rockford,IL
19014,Nicka,Bette,Sport En Art,6 S 33rd St,Delaware,Aston,PA
75062,Kolmetz,Willard,Ingalls Donald R Esq,618 W Yakima Ave,Dallas,Irving,TX
12204,Royster,Maryann,Franklin Peter L Esq,74 S Westgate St,Albany,Albany,NY
8846,Slusarski,Alisha,Wtlz Power 107 Fm,3273 State St,Middlesex,Middlesex,NJ
54481,Incturbide,Allene,Ledecky David Esq,1 Central Ave,Portage,Stevens Point,WI
66218,Caudy,Chanel,Professional Image Inc,86 Nw 66th St #8673,Johnson,Shawnee,KS
21601,Chui,Ezekiel,Sider Donald C Esq,2 Cedar Ave #84,Talbot,Easton,MD
10011,Stockham,Jose,Tri State Refueler Co,128 Bransten Rd,New York,New York,NY
77301,Figeroa,Bernardo,Clark Richard Cpa,386 9th Ave N,Montgomery,Conroe,TX
43215,Corrio,Ammie,Moskowitz Barry S,74874 Atlantic Ave,Franklin,Columbus,OH
88011,Vocelka,Francine,Cascade Realty Advisors Inc,366 South Dr,Dona Ana,Las Cruces,NM
7660,Stenseth,Ernie,Knwz Newsradio,45 E Liberty St,Bergen,Ridgefield Park,NJ
8812,Glick,Albina,Giampetro Anthony D,4 Ralph Ct,Middlesex,Dunellen,NJ
10025,Sergi,Alishia,Milford Enterprises Inc,2742 Distribution Way,New York,New York,NY
70002,Shinko,Solange,Mosocco Ronald A,426 Wolf St,Jefferson,Metairie,LA
93012,Ostrosky,Rozella,Parkway Company,17 Morena Blvd,Ventura,Camarillo,CA
78204,Gillian,Valentine,Fbs Business Finance,775 W 17th St,Bexar,San Antonio,TX
67410,Rulapaugh,Kati,Eder Assocs Consltng Engrs Pc,6980 Dorsett Rd,Dickinson,Abilene,KS
97754,Schemmer,Youlanda,Tri M Tool Inc,2881 Lewis Rd,Crook,Prineville,OR
66204,Oldroyd,Dyan,International Eyelets Inc,7219 Woodfield Rd,Johnson,Overland Park,KS
99708,Campain,Roxane,Rapid Trading Intl,1048 Main St,Fairbanks,Fairbanks,AK
33196,Perin,Lavera,Abc Enterprises Inc,678 3rd Ave,Miami-Dade,Miami,FL
99712,Ferencz,Erick,Cindy Turner Associates,20 S Babcock St,North Star,Fairbanks,AK
55343,Saylors,Fatima,Stanton James D Esq,2 Lighthouse Ave,Hennepin,Hopkins,MN
2128,Briddick,Jina,Grace Pastries Inc,38938 Park Blvd,Suffolk,Boston,MA
90006,Waycott,Kanisha,Schroer Gene E Esq,5 Tomahawk Dr,Los Angeles,Los Angeles,CA
53711,Blairowley,Emerson,Knights Inn,762 S Main St,Dane,Madison,WI
19132,Malet,Blair,Bollinger Mach Shp & Shipyard,209 Decker Dr,Philadelphia,Philadelphia,PA
10003,Bolognia,Brock,Orinda News,4486 W O St #1,New York,New York,NY
37388,Nestle,Lorrie,Ballard Spahr Andrews,39 S 7th St,Coffee,Tullahoma,TN
29201,Uyetake,Sabra,Lowy Limousine Service,98839 Hawthorne Blvd #6101,Richland,Columbia,SC
19087,Mastella,Marjory,Vicon Corporation,71 San Mateo Ave,Delaware,Wayne,PA
8822,Klonowski,Karl,Rossi Michael M,76 Brooks St #9,Hunterdon,Flemington,NJ
11590,Wenner,Tonette,Northwest Publishing,4545 Courthouse Rd,Nassau,Westbury,NY
19046,Monarrez,Amber,Branford Wire & Mfg Co,14288 Foster Ave #4121,Montgomery,Jenkintown,PA
91405,Seewald,Shenika,East Coast Marketing,4 Otis St,Los Angeles,Van Nuys,CA
2909,Ahle,Delmy,Wye Technologies Inc,65895 S 16th St,Providence,Providence,RI
19006,Juhas,Deeanna,Healy George W Iv,14302 Pennsylvania Ave,Montgomery,Huntingdon Valley,PA
2904,Pugh,Blondell,Alpenlite Inc,201 Hawk Ct,Providence,Providence,RI
8831,Vanausdal,Jamal,Hubbard Bruce Esq,53075 Sw 152nd Ter #615,Middlesex,Monroe Township,NJ
78731,Hollack,Cecily,Arthur A Oliver & Son Inc,59 N Groesbeck Hwy,Travis,Austin,TX
80126,Lindall,Carmelina,George Jessop Carter Jewelers,2664 Lewis Rd,Douglas,Littleton,CO
53214,Yglesias,Maurine,Schultz Thomas C Md,59 Shady Ln #53,Milwaukee,Milwaukee,WI
10009,Buvens,Tawna,H H H Enterprises Inc,3305 Nabell Ave #679,New York,New York,NY
99515,Weight,Penney,Hawaiian King Hotel,18 Fountain St,Anchorage,Anchorage,AK
16502,Morocco,Elly,Killion Industries,7 W 32nd St,Erie,Erie,PA
21061,Eroman,Ilene,Robinson William J Esq,2853 S Central Expy,Anne Arundel,Glen Burnie,MD
83707,Mondella,Vallie,Private Properties,74 W College St,Ada,Boise,ID
94104,Blackwood,Kallie,Rowley Schlimgen Inc,701 S Harrison Rd,San Francisco,San Francisco,CA
27514,Abdallah,Johnetta,Forging Specialties,1088 Pinehurst St,Orange,Chapel Hill,NC
94070,Rhym,Bobbye,Smits Patricia Garity,30 W 80th St #1995,San Mateo,San Carlos,CA
94520,Rhymes,Micaela,H Lee Leonard Attorney At Law,20932 Hedley St,Costa,Concord Contra,CA
43140,Hoogland,Tamar,A K Construction Co,2737 Pistorio Rd #9230,Madison,London,OH
14895,Parlato,Moon,Ambelang Jessica M Md,74989 Brandon St,Allegany,Wellsville,NY
21215,Reitler,Laurel,Q A Service,6 Kains Ave,Baltimore City,Baltimore,MD
7105,Crupi,Delisa,Wood & Whitacre Contractors,47565 W Grand Ave,Essex,Newark,NJ
60647,Toelkes,Viva,Mark Iv Press Ltd,4284 Dorigo Ln,Cook,Chicago,IL
7104,Lipke,Elza,Museum Of Science & Industry,6794 Lake Dr E,Essex,Newark,NJ
88101,Chickering,Devorah,Garrison Ind,31 Douglas Blvd #950,Curry,Clovis,NM
10309,Mulqueen,Timothy,Saronix Nymph Products,44 W 4th St Staten,Richmond,Island,NY
32254,Honeywell,Arlette,Smc Inc,11279 Loytan St,Duval,Jacksonville,FL
94545,Dickerson,Dominque,E A I Electronic Assocs Inc,69 Marquette Ave,Alameda,Hayward,CA
44122,Isenhower,Lettie,Conte Christopher A Esq,70 W Main St,Cuyahoga,Beachwood,OH
76040,Munns,Myra,Anker Law Office,461 Prospect Pl #316,Tarrant,Euless,TX
90247,Barfield,Stephaine,Beutelschies & Company,47154 Whipple Ave Nw,Los Angeles,Gardena,CA
60201,Fligg,Lai Gato,Kenneth I Jr,37 Alabama Ave,Crook,Evanston,IL
44302,Emigh,Stephen,Sharp J Daniel Esq,3777 E Richmond St #900,Summit,Akron,OH
19106,Shields,Tyra,Assink Anne H Esq,3 Fort Worth Ave,Philadelphia,Philadelphia,PA
94010,Wardrip,Tammara,Jewel My Shop Inc,4800 Black Horse Pike,San Mateo,Burlingame,CA
91776,Gibes,Cory,Chinese Translation Resources,83649 W Belmont Ave San,Los Angeles,Gabriel,CA
76708,Bruschke,Danica,Stevens Charles T,840 15th Ave,McLennan,Waco,TX
95110,Benimadho,Elvera,Tree Musketeers,99385 Charity St #840,Santa Clara,San Jose,CA
94577,Vanheusen,Carma,Springfield Div Oh Edison Co,68556 Central Hwy,Alameda,San Leandro,CA
46202,Hochard,Malinda,Logan Memorial Hospital,55 Riverside Ave,Marion,Indianapolis,IN
82901,Fern,Natalie,Kelly Charles G Esq,7140 University Ave,Sweetwater,Rock Springs,WY
22102,Centini,Lisha,Industrial Paper Shredders Inc,64 5th Ave #1153,Fairfax,Mc Lean,VA
2202,Centini,David,Industrial Inc,64 56th Ave #1153,airfax,Mac Lean,VC
9401,Wrdrip,Tammsara,ewel My Shop Inc,4800 Black Horse Pike,anateo,Burliname          S,CC
