James,Butt,Benton John B Jr,6649 N Blue Gum St,Orleans,New Orleans,LA,70116
Josephine,Darakjy,Chanay Jeffrey A Esq,4 B Blue Ridge Blvd,Livingston,Brighton,MI,48116
Art,Venere,Chemel James L Cpa,8 W Cerritos Ave #54,Gloucester,Bridgeport,NJ,8014
Lenna,Paprocki,Feltz Printing Service,639 Main St,Anchorage,Anchorage,AK,99501
Donette,Foller,Printing Dimensions,34 Center St,Butler,Hamilton,OH,45011
Simona,Morasca,Chapman Ross E Esq,3 Mcauley Dr,Ashland,Ashland,OH,44805
Mitsue,Tollner,Morlong Associates,7 Eads St,Cook,Chicago,IL,60632
Leota,Dilliard,Commercial Press,7 W Jackson Blvd,Santa Clara,San Jose,CA,95111
Sage,Wieser,Truhlar And Truhlar Attys,5 Boston Ave #88,Minnehaha,Sioux Falls,SD,57105
Kris,Marrier,King Christopher A Esq,228 Runamuck Pl #2808,Baltimore City,Baltimore,MD,21224
Minna,Amigon,Dorl James J Esq,2371 Jerrold Ave,Montgomery,Kulpsville,PA,19443
Abel,Maclead,Rangoni Of Florence,37275 St  Rt 17m M,Suffolk,Middle Island,NY,11953
Kiley,Caldarera,Feiner Bros,25 E 75th St #69,Angeles,Los Angeles Los,CA,90034
Graciela,Ruta,Buckley Miller & Wright,98 Connecticut Ave Nw,Geauga,Chagrin Falls,OH,44023
Cammy,Albares,Rousseaux Michael Esq,56 E Morehead St,Webb,Laredo,TX,78045
Mattie,Poquette,Century Communications,73 State Road 434 E,Maricopa,Phoenix,AZ,85013
Meaghan,Garufi,Bolton Wilbur Esq,69734 E Carrillo St Mc,Warren,Minnville,TN,37110
Gladys,Rim T M,Byxbee Company Pc,322 New Horizon Blvd,Milwaukee,Milwaukee,WI,53207
Yuki,Whobrey,Farmers Insurance Group,1 State Route 27,Wayne,Taylor,MI,48180
Fletcher,Flosi,Post Box Services Plus,394 Manchester Blvd,Winnebago,Rockford,IL,61109
Bette,Nicka,Sport En Art,6 S 33rd St,Delaware,Aston,PA,19014
Veronika,Inouye,C 4 Network Inc,6 Greenleaf Ave,Santa Clara,San Jose,CA,95111
Willard,Kolmetz,Ingalls Donald R Esq,618 W Yakima Ave,Dallas,Irving,TX,75062
Maryann,Royster,Franklin Peter L Esq,74 S Westgate St,Albany,Albany,NY,12204
Alisha,Slusarski,Wtlz Power 107 Fm,3273 State St,Middlesex,Middlesex,NJ,8846
Allene,Incturbide,Ledecky David Esq,1 Central Ave,Portage,Stevens Point,WI,54481
Chanel,Caudy,Professional Image Inc,86 Nw 66th St #8673,Johnson,Shawnee,KS,66218
Ezekiel,Chui,Sider Donald C Esq,2 Cedar Ave #84,Talbot,Easton,MD,21601
Willow,Kusko,U Pull It,90991 Thorburn Ave,New York,New York,NY,10011
Bernardo,Figeroa,Clark Richard Cpa,386 9th Ave N,Montgomery,Conroe,TX,77301
Ammie,Corrio,Moskowitz Barry S,74874 Atlantic Ave,Franklin,Columbus,OH,43215
Francine,Vocelka,Cascade Realty Advisors Inc,366 South Dr,Dona Ana,Las Cruces,NM,88011
Ernie,Stenseth,Knwz Newsradio,45 E Liberty St,Bergen,Ridgefield Park,NJ,7660
Albina,Glick,Giampetro Anthony D,4 Ralph Ct,Middlesex,Dunellen,NJ,8812
Alishia,Sergi,Milford Enterprises Inc,2742 Distribution Way,New York,New York,NY,10025
Solange,Shinko,Mosocco Ronald A,426 Wolf St,Jefferson,Metairie,LA,70002
Jose,Stockham,Tri State Refueler Co,128 Bransten Rd,New York,New York,NY,10011
Rozella,Ostrosky,Parkway Company,17 Morena Blvd,Ventura,Camarillo,CA,93012
Valentine,Gillian,Fbs Business Finance,775 W 17th St,Bexar,San Antonio,TX,78204
Kati,Rulapaugh,Eder Assocs Consltng Engrs Pc,6980 Dorsett Rd,Dickinson,Abilene,KS,67410
Youlanda,Schemmer,Tri M Tool Inc,2881 Lewis Rd,Crook,Prineville,OR,97754
Dyan,Oldroyd,International Eyelets Inc,7219 Woodfield Rd,Johnson,Overland Park,KS,66204
Roxane,Campain,Rapid Trading Intl,1048 Main St,Fairbanks,Fairbanks,AK,99708
Lavera,Perin,Abc Enterprises Inc,678 3rd Ave,Miami-Dade,Miami,FL,33196
Erick,Ferencz,Cindy Turner Associates,20 S Babcock St,North Star,Fairbanks,AK,99712
Fatima,Saylors,Stanton James D Esq,2 Lighthouse Ave,Hennepin,Hopkins,MN,55343
Jina,Briddick,Grace Pastries Inc,38938 Park Blvd,Suffolk,Boston,MA,2128
Kanisha,Waycott,Schroer Gene E Esq,5 Tomahawk Dr,Los Angeles,Los Angeles,CA,90006
Emerson,Blairowley,Knights Inn,762 S Main St,Dane,Madison,WI,53711
Blair,Malet,Bollinger Mach Shp & Shipyard,209 Decker Dr,Philadelphia,Philadelphia,PA,19132
Brock,Bolognia,Orinda News,4486 W O St #1,New York,New York,NY,10003
Lorrie,Nestle,Ballard Spahr Andrews,39 S 7th St,Coffee,Tullahoma,TN,37388
Sabra,Uyetake,Lowy Limousine Service,98839 Hawthorne Blvd #6101,Richland,Columbia,SC,29201
Marjory,Mastella,Vicon Corporation,71 San Mateo Ave,Delaware,Wayne,PA,19087
Karl,Klonowski,Rossi Michael M,76 Brooks St #9,Hunterdon,Flemington,NJ,8822
Tonette,Wenner,Northwest Publishing,4545 Courthouse Rd,Nassau,Westbury,NY,11590
Amber,Monarrez,Branford Wire & Mfg Co,14288 Foster Ave #4121,Montgomery,Jenkintown,PA,19046
Shenika,Seewald,East Coast Marketing,4 Otis St,Los Angeles,Van Nuys,CA,91405
Delmy,Ahle,Wye Technologies Inc,65895 S 16th St,Providence,Providence,RI,2909
Deeanna,Juhas,Healy George W Iv,14302 Pennsylvania Ave,Montgomery,Huntingdon Valley,PA,19006
Blondell,Pugh,Alpenlite Inc,201 Hawk Ct,Providence,Providence,RI,2904
Jamal,Vanausdal,Hubbard Bruce Esq,53075 Sw 152nd Ter #615,Middlesex,Monroe Township,NJ,8831
Cecily,Hollack,Arthur A Oliver & Son Inc,59 N Groesbeck Hwy,Travis,Austin,TX,78731
Carmelina,Lindall,George Jessop Carter Jewelers,2664 Lewis Rd,Douglas,Littleton,CO,80126
Maurine,Yglesias,Schultz Thomas C Md,59 Shady Ln #53,Milwaukee,Milwaukee,WI,53214
Tawna,Buvens,H H H Enterprises Inc,3305 Nabell Ave #679,New York,New York,NY,10009
Penney,Weight,Hawaiian King Hotel,18 Fountain St,Anchorage,Anchorage,AK,99515
Elly,Morocco,Killion Industries,7 W 32nd St,Erie,Erie,PA,16502
Ilene,Eroman,Robinson William J Esq,2853 S Central Expy,Anne Arundel,Glen Burnie,MD,21061
Vallie,Mondella,Private Properties,74 W College St,Ada,Boise,ID,83707
Kallie,Blackwood,Rowley Schlimgen Inc,701 S Harrison Rd,San Francisco,San Francisco,CA,94104
Johnetta,Abdallah,Forging Specialties,1088 Pinehurst St,Orange,Chapel Hill,NC,27514
Bobbye,Rhym,Smits Patricia Garity,30 W 80th St #1995,San Mateo,San Carlos,CA,94070
Micaela,Rhymes,H Lee Leonard Attorney At Law,20932 Hedley St,Costa,Concord Contra,CA,94520
Tamar,Hoogland,A K Construction Co,2737 Pistorio Rd #9230,Madison,London,OH,43140
Moon,Parlato,Ambelang Jessica M Md,74989 Brandon St,Allegany,Wellsville,NY,14895
Laurel,Reitler,Q A Service,6 Kains Ave,Baltimore City,Baltimore,MD,21215
Delisa,Crupi,Wood & Whitacre Contractors,47565 W Grand Ave,Essex,Newark,NJ,7105
Viva,Toelkes,Mark Iv Press Ltd,4284 Dorigo Ln,Cook,Chicago,IL,60647
Elza,Lipke,Museum Of Science & Industry,6794 Lake Dr E,Essex,Newark,NJ,7104
Devorah,Chickering,Garrison Ind,31 Douglas Blvd #950,Curry,Clovis,NM,88101
Timothy,Mulqueen,Saronix Nymph Products,44 W 4th St Staten,Richmond,Island,NY,10309
Arlette,Honeywell,Smc Inc,11279 Loytan St,Duval,Jacksonville,FL,32254
Dominque,Dickerson,E A I Electronic Assocs Inc,69 Marquette Ave,Alameda,Hayward,CA,94545
Lettie,Isenhower,Conte Christopher A Esq,70 W Main St,Cuyahoga,Beachwood,OH,44122
Myra,Munns,Anker Law Office,461 Prospect Pl #316,Tarrant,Euless,TX,76040
Stephaine,Barfield,Beutelschies & Company,47154 Whipple Ave Nw,Los Angeles,Gardena,CA,90247
Lai Gato,Fligg,Kenneth I Jr,37 Alabama Ave,Crook,Evanston,IL,60201
Stephen,Emigh,Sharp J Daniel Esq,3777 E Richmond St #900,Summit,Akron,OH,44302
Tyra,Shields,Assink Anne H Esq,3 Fort Worth Ave,Philadelphia,Philadelphia,PA,19106
Tammara,Wardrip,Jewel My Shop Inc,4800 Black Horse Pike,San Mateo,Burlingame,CA,94010
Cory,Gibes,Chinese Translation Resources,83649 W Belmont Ave San,Los Angeles,Gabriel,CA,91776
Danica,Bruschke,Stevens Charles T,840 15th Ave,McLennan,Waco,TX,76708
Wilda,Giguere,Mclaughlin Luther W Cpa,1747 Calle Amanecer #2,Anchorage,Anchorage,AK,99501
Elvera,Benimadho,Tree Musketeers,99385 Charity St #840,Santa Clara,San Jose,CA,95110
Carma,Vanheusen,Springfield Div Oh Edison Co,68556 Central Hwy,Alameda,San Leandro,CA,94577
Malinda,Hochard,Logan Memorial Hospital,55 Riverside Ave,Marion,Indianapolis,IN,46202
Natalie,Fern,Kelly Charles G Esq,7140 University Ave,Sweetwater,Rock Springs,WY,82901
Lisha,Centini,Industrial Paper Shredders Inc,64 5th Ave #1153,Fairfax,Mc Lean,VA,22102
